Result_1,Result_2,Winner,Fighter_1_Id,Fighter_2_Id,Fighter_1_Name,Fighter_2_Name,Time Format,Referee,Method Details,Kd_1,Kd_2,Sig. Str._1,Sig. Str._2,Sig. Str. %_1,Sig. Str. %_2,Total Str._1,Total Str._2,Td_1,Td_2,Td %_1,Td %_2,Sub. Att_1,Sub. Att_2,Rev._1,Rev._2,Ctrl_1,Ctrl_2,Head_1,Head_2,Body_1,Body_2,Leg_1,Leg_2,Distance_1,Distance_2,Clinch_1,Clinch_2,Ground_1,Ground_2,Fight_Id,Event_Id,Event_Name,Date,Location,Win/No Contest/Draw,Fighter_1,Fighter_2,KD_1,KD_2,STR_1,STR_2,TD_1,TD_2,SUB_1,SUB_2,Weight_Class,Method,Round,Fight_Time,Fighter_1_nick_name,Fighter_1_wins,Fighter_1_losses,Fighter_1_draws,Fighter_1_height,Fighter_1_weight,Fighter_1_reach,Fighter_1_stance,Fighter_1_dob,Fighter_2_nick_name,Fighter_2_wins,Fighter_2_losses,Fighter_2_draws,Fighter_2_height,Fighter_2_weight,Fighter_2_reach,Fighter_2_stance,Fighter_2_dob
W,L,Joshua Van,17e97649403ba428,a0f0004aadf10b71,Joshua Van,Alexandre Pantoja,5 Rnd (5-5-5-5-5),Herb Dean,Sal D'amato46 - 49.Derek Cleary47 - 48.Ron McCarthy45 - 50.,1,0,181 of 305,147 of 284,59%,51%,259 of 392,159 of 300,0 of 0,5 of 18,---,27%,1,0,1,0,2:13,9:11,158 of 278,91 of 213,17 of 20,30 of 37,6 of 7,26 of 34,160 of 278,124 of 258,17 of 21,16 of 18,4 of 6,7 of 8,568ec6af4008355a,8a0a35e7c74bebcc,UFC 331: Van vs. Pantoja 2,2026-09-19,"Los Angeles, California, USA",win,Joshua Van,Alexandre Pantoja,1,0,181,147,0,5,1,0,Flyweight Title,U-DEC,5,5:00,Joshua Van,18,2,0,"5' 5""",125 lbs.,"65""",orthodox,"oct 10, 2001",Alexandre Pantoja,30,7,0,"5' 5""",125 lbs.,"67""",orthodox,"apr 16, 1990"
W,L,Arman Tsarukyan,eae48ff31db420c2,9c393e836a852f30,Arman Tsarukyan,Mauricio Ruffy,5 Rnd (5-5-5-5-5),Jason Herzog,Elbow to Head In Clinch,1,0,8 of 19,4 of 10,42%,40%,9 of 20,22 of 28,1 of 10,0 of 0,10%,---,0,0,0,0,3:00,0:06,7 of 14,3 of 7,0 of 1,1 of 2,1 of 4,0 of 1,3 of 13,2 of 8,5 of 6,2 of 2,0 of 0,0 of 0,fe612d20eec7ef35,8a0a35e7c74bebcc,UFC 331: Van vs. Pantoja 2,2026-09-19,"Los Angeles, California, USA",win,Arman Tsarukyan,Mauricio Ruffy,1,0,8,4,1,0,0,0,Lightweight,KO/TKO Elbow,1,4:56,Arman Tsarukyan,24,3,0,"5' 7""",155 lbs.,"72""",orthodox,"oct 11, 1996",Mauricio Ruffy,14,3,0,"5' 11""",155 lbs.,"75""",orthodox,"jun 17, 1996"
W,L,Patricio Pitbull,98a58c26c5b1ed17,e93b04e308913c2e,Patricio Pitbull,Dooho Choi,3 Rnd (5-5-5),Mike Beltran,Punches to Head From Half Guard,1,0,38 of 75,20 of 46,50%,43%,38 of 75,20 of 46,0 of 0,0 of 0,---,---,0,0,0,0,0:05,0:00,29 of 65,17 of 42,9 of 9,3 of 4,0 of 1,0 of 0,26 of 60,18 of 43,3 of 3,2 of 3,9 of 12,0 of 0,f7810c98786c3dd8,8a0a35e7c74bebcc,UFC 331: Van vs. Pantoja 2,2026-09-19,"Los Angeles, California, USA",win,Patricio Pitbull,Dooho Choi,1,0,38,20,0,0,0,0,Featherweight,KO/TKO Punches,1,3:28,Patricio Pitbull,38,9,0,"5' 6""",145 lbs.,"67""",orthodox,"jul 07, 1987",Dooho Choi,17,5,1,"5' 10""",145 lbs.,"70""",orthodox,"apr 10, 1991"
L,W,Sean Sharaf,f7e856a73c96048e,0f3a990526c5e706,Gable Steveson,Sean Sharaf,3 Rnd (5-5-5),Frank Trigg,Punch to Head At Distance,0,1,1 of 2,3 of 6,50%,50%,1 of 2,3 of 6,0 of 0,0 of 0,---,---,0,0,0,0,0:00,0:02,0 of 1,3 of 6,0 of 0,0 of 0,1 of 1,0 of 0,1 of 2,1 of 4,0 of 0,0 of 0,0 of 0,2 of 2,023ce4fa7b7b76f9,8a0a35e7c74bebcc,UFC 331: Van vs. Pantoja 2,2026-09-19,"Los Angeles, California, USA",win,Gable Steveson,Sean Sharaf,1,0,3,1,0,0,0,0,Heavyweight,KO/TKO Punch,1,0:12,Gable Steveson,4,1,0,"5' 11""",249 lbs.,"74""",orthodox,"may 31, 2000",Sean Sharaf,5,2,0,"6' 3""",252 lbs.,"77""",orthodox,"jul 11, 1993"
W,L,Alonzo Menifield,a495f599e787614f,1c23ec2f1b71be40,Alonzo Menifield,Iwo Baraniewski,3 Rnd (5-5-5),Jonathan Romero,Ron McCarthy29 - 28.Chris Leben28 - 29.Jovany Varela28 - 29.,0,0,62 of 162,67 of 121,38%,55%,140 of 246,89 of 146,1 of 5,1 of 3,20%,33%,0,0,0,0,2:54,4:19,56 of 155,52 of 104,4 of 5,13 of 15,2 of 2,2 of 2,42 of 132,50 of 97,20 of 30,16 of 23,0 of 0,1 of 1,196c64693a2ce308,8a0a35e7c74bebcc,UFC 331: Van vs. Pantoja 2,2026-09-19,"Los Angeles, California, USA",win,Alonzo Menifield,Iwo Baraniewski,0,0,62,67,1,1,0,0,Light Heavyweight,S-DEC,3,5:00,Alonzo Menifield,19,6,1,"6' 0""",205 lbs.,"76""",orthodox,"oct 18, 1987",Iwo Baraniewski,9,1,0,"6' 0""",205 lbs.,"73""",orthodox,"nov 20, 1998"
W,L,Marlon Vera,7c7332319c14094c,f1d64ae34e088832,Marlon Vera,Charles Jourdain,3 Rnd (5-5-5),Mike Beltran,Punch to Head At Distance,3,0,72 of 128,83 of 127,56%,65%,80 of 138,108 of 153,3 of 3,0 of 1,100%,0%,0,0,0,0,2:15,0:00,38 of 85,27 of 62,22 of 28,38 of 45,12 of 15,18 of 20,37 of 81,59 of 94,21 of 25,24 of 33,14 of 22,0 of 0,d0361fe28d05a0b5,8a0a35e7c74bebcc,UFC 331: Van vs. Pantoja 2,2026-09-19,"Los Angeles, California, USA",win,Marlon Vera,Charles Jourdain,3,0,72,83,3,0,0,0,Bantamweight,KO/TKO Punch,3,2:02,Marlon Vera,24,12,1,"5' 8""",135 lbs.,"70""",switch,"dec 02, 1992",Charles Jourdain,18,9,1,"5' 9""",135 lbs.,"69""",switch,"nov 27, 1995"
L,W,Robelis Despaigne,c62fbc117d57b943,140567899d98978a,Tai Tuivasa,Robelis Despaigne,3 Rnd (5-5-5),Jason Herzog,Sal D'amato28 - 29.Jovany Varela29 - 28.Felicia Oh28 - 29.,0,0,31 of 68,30 of 69,45%,43%,54 of 93,83 of 128,1 of 6,2 of 2,16%,100%,0,0,0,0,6:58,5:08,17 of 49,29 of 68,9 of 9,1 of 1,5 of 10,0 of 0,12 of 37,18 of 48,9 of 19,6 of 11,10 of 12,6 of 10,3f2d637ffb324a51,8a0a35e7c74bebcc,UFC 331: Van vs. Pantoja 2,2026-09-19,"Los Angeles, California, USA",win,Tai Tuivasa,Robelis Despaigne,0,0,30,31,2,1,0,0,Heavyweight,S-DEC,3,5:00,Tai Tuivasa,15,11,0,"6' 2""",264 lbs.,"75""",southpaw,"mar 16, 1993",Robelis Despaigne,7,2,0,"6' 7""",265 lbs.,"84""",orthodox,"aug 09, 1988"
W,L,Michael Aswell Jr.,01c9e4013afce141,a44020ea2e8cd026,Michael Aswell Jr.,JooSang Yoo,3 Rnd (5-5-5),Herb Dean,Daniel Mobley28 - 29.Ron McCarthy29 - 28.Derek Cleary28 - 29.,0,0,70 of 145,46 of 129,48%,35%,93 of 171,51 of 135,0 of 1,1 of 4,0%,25%,0,0,0,0,1:11,2:18,40 of 111,35 of 110,5 of 6,4 of 6,25 of 28,7 of 13,62 of 136,44 of 126,8 of 9,2 of 3,0 of 0,0 of 0,d89cc2cb92cd8407,8a0a35e7c74bebcc,UFC 331: Van vs. Pantoja 2,2026-09-19,"Los Angeles, California, USA",win,Michael Aswell Jr.,JooSang Yoo,0,0,70,46,0,1,0,0,Featherweight,S-DEC,3,5:00,Michael Aswell Jr.,12,5,0,"5' 8""",145 lbs.,"69""",orthodox,"sep 27, 2000",JooSang Yoo,9,2,0,"5' 7""",145 lbs.,"71""",orthodox,"jan 21, 1994"
W,L,Ryan Gandra,e463ce0a2ca474f4,6967153c7edb4d87,Ryan Gandra,Ozzy Diaz,3 Rnd (5-5-5),Jonathan Romero,Punch to Head At Distance,1,0,16 of 34,3 of 4,47%,75%,16 of 34,3 of 4,0 of 0,0 of 0,---,---,0,0,0,0,0:03,0:00,13 of 29,1 of 2,1 of 3,1 of 1,2 of 2,1 of 1,10 of 26,3 of 4,0 of 0,0 of 0,6 of 8,0 of 0,51789f77811b1817,8a0a35e7c74bebcc,UFC 331: Van vs. Pantoja 2,2026-09-19,"Los Angeles, California, USA",win,Ryan Gandra,Ozzy Diaz,1,0,16,3,0,0,0,0,Middleweight,KO/TKO Punch,1,2:04,Ryan Gandra,11,1,0,"6' 1""",185 lbs.,"74""",orthodox,"may 08, 1995",Ozzy Diaz,10,5,0,"6' 4""",185 lbs.,"79""",orthodox,"nov 22, 1990"
W,L,Edmen Shahbazyan,4144798612ef96e5,1e719d4b676dc19a,Edmen Shahbazyan,Brunno Ferreira,3 Rnd (5-5-5),Mike Beltran,Daniel Mobley28 - 29.Chris Leben28 - 29.Felicia Oh27 - 30.,1,0,61 of 110,32 of 108,55%,29%,63 of 112,33 of 109,1 of 3,0 of 0,33%,---,0,0,0,0,0:57,0:00,29 of 66,16 of 81,11 of 14,1 of 7,21 of 30,15 of 20,56 of 105,30 of 105,4 of 4,2 of 3,1 of 1,0 of 0,9be47241c960d082,8a0a35e7c74bebcc,UFC 331: Van vs. Pantoja 2,2026-09-19,"Los Angeles, California, USA",win,Edmen Shahbazyan,Brunno Ferreira,1,0,61,32,1,0,0,0,Middleweight,U-DEC,3,5:00,Edmen Shahbazyan,17,6,0,"6' 2""",185 lbs.,"74""",orthodox,"nov 20, 1997",Brunno Ferreira,15,5,0,"5' 10""",185 lbs.,"72""",orthodox,"nov 04, 1992"
W,L,Casey O'Neill,04835018f90b118c,de594b35c45c2e9a,Casey O'Neill,Eduarda Moura,3 Rnd (5-5-5),Jason Herzog,"Armbar From Guard
      Helicopter armbar",0,0,1 of 4,3 of 7,25%,42%,1 of 4,13 of 20,0 of 0,0 of 0,---,---,1,1,0,0,0:00,3:12,0 of 3,3 of 7,0 of 0,0 of 0,1 of 1,0 of 0,1 of 4,1 of 3,0 of 0,0 of 0,0 of 0,2 of 4,73304588cef4f88b,8a0a35e7c74bebcc,UFC 331: Van vs. Pantoja 2,2026-09-19,"Los Angeles, California, USA",win,Casey O'Neill,Eduarda Moura,0,0,1,3,0,0,1,1,Women's Flyweight,SUB Armbar,1,3:22,Casey O'Neill,12,2,0,"5' 6""",125 lbs.,"69""",orthodox,"oct 07, 1997",Eduarda Moura,12,3,0,"5' 6""",125 lbs.,"67""",orthodox,"feb 28, 1994"
L,W,Joanderson Brito,9560ff14eb3129f7,791c8437b341fba5,Giga Chikadze,Joanderson Brito,3 Rnd (5-5-5),Frank Trigg,Punches to Head From Guard,0,0,7 of 12,20 of 27,58%,74%,13 of 18,24 of 31,0 of 0,0 of 0,---,---,0,0,0,0,0:00,0:39,3 of 8,18 of 25,4 of 4,0 of 0,0 of 0,2 of 2,7 of 12,3 of 8,0 of 0,0 of 0,0 of 0,17 of 19,2e35163040eb3189,8a0a35e7c74bebcc,UFC 331: Van vs. Pantoja 2,2026-09-19,"Los Angeles, California, USA",win,Giga Chikadze,Joanderson Brito,0,0,20,7,0,0,0,0,Featherweight,KO/TKO Punches,1,1:57,Giga Chikadze,15,7,0,"6' 0""",145 lbs.,"74""",orthodox,"aug 25, 1988",Joanderson Brito,20,5,1,"5' 8""",145 lbs.,"72""",orthodox,"feb 11, 1995"
